{
    "__comment": "Model generated using MrCrayfish's Model Creator (http://mrcrayfish.com/modelcreator/)",
    "textures": {
        "0": "blocks/log_big_oak",
        "1": "blocks/log_big_oak_top",
        "2": "rustic:blocks/apiary_front",
        "3": "rustic:blocks/apiary_front",
	"particle": "blocks/planks_big_oak"
    },
    "elements": [
        {
            "name": "Cube",
            "from": [ 0.0, 0.0, 0.0 ], 
            "to": [ 16.0, 2.0, 16.0 ], 
            "faces": {
                "north": { "texture": "#0", "uv": [ 0.0, 14.0, 16.0, 16.0 ] },
                "east": { "texture": "#0", "uv": [ 0.0, 14.0, 16.0, 16.0 ] },
                "south": { "texture": "#0", "uv": [ 0.0, 14.0, 16.0, 16.0 ] },
                "west": { "texture": "#0", "uv": [ 0.0, 14.0, 16.0, 16.0 ] },
                "up": { "texture": "#1", "uv": [ 0.0, 0.0, 16.0, 16.0 ] },
                "down": { "texture": "#1", "uv": [ 0.0, 0.0, 16.0, 16.0 ] }
            }
        },
        {
            "name": "Cube",
            "from": [ 2.0, 2.0, 2.0 ], 
            "to": [ 14.0, 14.0, 14.0 ], 
            "faces": {
                "north": { "texture": "#2", "uv": [ 0.0, 0.0, 12.0, 12.0 ] },
                "east": { "texture": "#3", "uv": [ 0.0, 0.0, 12.0, 12.0 ] },
                "south": { "texture": "#3", "uv": [ 0.0, 0.0, 12.0, 12.0 ] },
                "west": { "texture": "#3", "uv": [ 0.0, 0.0, 12.0, 12.0 ] },
                "up": { "texture": "#3", "uv": [ 0.0, 0.0, 12.0, 12.0 ] },
                "down": { "texture": "#3", "uv": [ 0.0, 0.0, 12.0, 12.0 ] }
            }
        },
        {
            "name": "Cube",
            "from": [ 0.0, 14.0, 0.0 ], 
            "to": [ 16.0, 16.0, 16.0 ], 
            "faces": {
                "north": { "texture": "#0", "uv": [ 0.0, 0.0, 16.0, 2.0 ] },
                "east": { "texture": "#0", "uv": [ 0.0, 0.0, 16.0, 2.0 ] },
                "south": { "texture": "#0", "uv": [ 0.0, 0.0, 16.0, 2.0 ] },
                "west": { "texture": "#0", "uv": [ 0.0, 0.0, 16.0, 2.0 ] },
                "up": { "texture": "#1", "uv": [ 0.0, 0.0, 16.0, 16.0 ] },
                "down": { "texture": "#1", "uv": [ 0.0, 0.0, 16.0, 16.0 ] }
            }
        }
    ],
    "display": {

        "gui": {

            "rotation": [ 30, 225, 0 ],

            "translation": [ 0, 0, 0],

            "scale":[ 0.625, 0.625, 0.625 ]

        },
        "ground": {

            "rotation": [ 0, 0, 0 ],

            "translation": [ 0, 3, 0],

            "scale":[ 0.25, 0.25, 0.25 ]

        },

        "fixed": {

            "rotation": [ 0, 0, 0 ],

            "translation": [ 0, 0, 0],

            "scale":[ 0.5, 0.5, 0.5 ]

        },

        "thirdperson_righthand": {

            "rotation": [ 75, 45, 0 ],

            "translation": [ 0, 2.5, 0],

            "scale": [ 0.375, 0.375, 0.375 ]

        },

        "firstperson_righthand": {

            "rotation": [ 0, 45, 0 ],

            "translation": [ 0, 0, 0 ],

            "scale": [ 0.40, 0.40, 0.40 ]

        },

        "firstperson_lefthand": {

            "rotation": [ 0, 225, 0 ],

            "translation": [ 0, 0, 0 ],

            "scale": [ 0.40, 0.40, 0.40 ]

        }

    }
}