{
	"credit": "Made with Blockbench",
	"texture_size": [32, 32],
	"elements": [
		{
			"name": "pommel",
			"from": [7, 0, 7],
			"to": [9, 2, 9],
			"rotation": {"angle": 0, "axis": "y", "origin": [8, 2, 8]},
			"faces": {
				"north": {"uv": [2, 8, 3, 9], "texture": "#4"},
				"east": {"uv": [3, 8, 4, 9], "texture": "#4"},
				"south": {"uv": [4, 8, 5, 9], "texture": "#4"},
				"west": {"uv": [5, 8, 6, 9], "texture": "#4"},
				"up": {"uv": [7, 9, 6, 8], "texture": "#4"},
				"down": {"uv": [8, 8, 7, 9], "texture": "#4"}
			}
		},
		{
			"name": "core",
			"from": [7.35, 2, 7.35],
			"to": [8.65, 15, 8.65],
			"rotation": {"angle": 0, "axis": "y", "origin": [8, 10, 8]},
			"faces": {
				"north": {"uv": [0, 0, 0.5, 6.5], "texture": "#4"},
				"east": {"uv": [0.5, 0.5, 1, 7], "texture": "#4"},
				"south": {"uv": [1, 1, 1.5, 7.5], "texture": "#4"},
				"west": {"uv": [1.5, 1.5, 2, 8], "texture": "#4"},
				"up": {"uv": [1.5, 1, 1, 0.5], "texture": "#4"},
				"down": {"uv": [0.5, 6.5, 0, 7], "texture": "#4"}
			}
		},
		{
			"from": [6.75, 18, 6.75],
			"to": [9.25, 18.25, 9.25],
			"rotation": {"angle": 45, "axis": "y", "origin": [8, 15, 8]},
			"faces": {
				"north": {"uv": [5, 4.5, 6.5, 5], "texture": "#4"},
				"east": {"uv": [6.5, 6, 8, 6.5], "texture": "#4"},
				"south": {"uv": [8, 2.5, 9.5, 3], "texture": "#4"},
				"west": {"uv": [8, 6, 9.5, 6.5], "texture": "#4"},
				"up": {"uv": [4.5, 1.5, 3, 0], "texture": "#4"},
				"down": {"uv": [3.5, 3.5, 2, 5], "texture": "#4"}
			}
		},
		{
			"from": [6.75, 14.75, 6.75],
			"to": [9.25, 15, 9.25],
			"rotation": {"angle": 45, "axis": "y", "origin": [8, 12, 8]},
			"faces": {
				"north": {"uv": [8, 6.5, 9.5, 7], "texture": "#4"},
				"east": {"uv": [8, 7, 9.5, 7.5], "texture": "#4"},
				"south": {"uv": [8, 7.5, 9.5, 8], "texture": "#4"},
				"west": {"uv": [8.5, 8.5, 10, 9], "texture": "#4"},
				"up": {"uv": [5, 5, 3.5, 3.5], "texture": "#4"},
				"down": {"uv": [5, 1.5, 3.5, 3], "texture": "#4"}
			}
		},
		{
			"from": [7.25, 18.25, 7.25],
			"to": [8.75, 18.5, 8.75],
			"rotation": {"angle": 45, "axis": "y", "origin": [8, 15, 8]},
			"faces": {
				"north": {"uv": [0.5, 0, 1.5, 0.5], "texture": "#4"},
				"east": {"uv": [8.5, 8, 9.5, 8.5], "texture": "#4"},
				"south": {"uv": [3.5, 9, 4.5, 9.5], "texture": "#4"},
				"west": {"uv": [4.5, 9, 5.5, 9.5], "texture": "#4"},
				"up": {"uv": [7.5, 4, 6.5, 3], "texture": "#4"},
				"down": {"uv": [7.5, 4, 6.5, 5], "texture": "#4"}
			}
		},
		{
			"from": [6.75, 15.25, 6.25],
			"to": [9.25, 17.75, 6.5],
			"rotation": {"angle": 45, "axis": "y", "origin": [8, 15, 8]},
			"faces": {
				"north": {"uv": [1.5, 0, 3, 1.5], "texture": "#4"},
				"east": {"uv": [8, 8, 8.5, 9.5], "texture": "#4"},
				"south": {"uv": [2, 2, 3.5, 3.5], "texture": "#4"},
				"west": {"uv": [8, 1, 8.5, 2.5], "texture": "#4"},
				"up": {"uv": [3.5, 2, 2, 1.5], "texture": "#4"},
				"down": {"uv": [5, 3, 3.5, 3.5], "texture": "#4"}
			}
		},
		{
			"from": [7.25, 15.75, 6],
			"to": [8.75, 17.25, 6.25],
			"rotation": {"angle": 45, "axis": "y", "origin": [8, 15, 8]},
			"faces": {
				"north": {"uv": [6.5, 5, 7.5, 6], "texture": "#4"},
				"east": {"uv": [5.5, 9, 6, 10], "texture": "#4"},
				"south": {"uv": [0, 7, 1, 8], "texture": "#4"},
				"west": {"uv": [6, 9, 6.5, 10], "texture": "#4"},
				"up": {"uv": [7.5, 9.5, 6.5, 9], "texture": "#4"},
				"down": {"uv": [9.5, 9, 8.5, 9.5], "texture": "#4"}
			}
		},
		{
			"from": [9.5, 15.25, 6.75],
			"to": [9.75, 17.75, 9.25],
			"rotation": {"angle": 45, "axis": "y", "origin": [8, 15, 8]},
			"faces": {
				"north": {"uv": [8.5, 0, 9, 1.5], "texture": "#4"},
				"east": {"uv": [4.5, 0, 6, 1.5], "texture": "#4"},
				"south": {"uv": [8.5, 3, 9, 4.5], "texture": "#4"},
				"west": {"uv": [2, 5, 3.5, 6.5], "texture": "#4"},
				"up": {"uv": [9, 6, 8.5, 4.5], "texture": "#4"},
				"down": {"uv": [0.5, 9, 0, 10.5], "texture": "#4"}
			}
		},
		{
			"from": [9.75, 15.75, 7.25],
			"to": [10, 17.25, 8.75],
			"rotation": {"angle": 45, "axis": "y", "origin": [8, 15, 8]},
			"faces": {
				"north": {"uv": [7.5, 9, 8, 10], "texture": "#4"},
				"east": {"uv": [7.5, 0, 8.5, 1], "texture": "#4"},
				"south": {"uv": [9, 0, 9.5, 1], "texture": "#4"},
				"west": {"uv": [7.5, 3, 8.5, 4], "texture": "#4"},
				"up": {"uv": [9.5, 4, 9, 3], "texture": "#4"},
				"down": {"uv": [9.5, 4, 9, 5], "texture": "#4"}
			}
		},
		{
			"from": [6.75, 15.25, 9.5],
			"to": [9.25, 17.75, 9.75],
			"rotation": {"angle": 45, "axis": "y", "origin": [8, 15, 8]},
			"faces": {
				"north": {"uv": [3.5, 5, 5, 6.5], "texture": "#4"},
				"east": {"uv": [0.5, 9, 1, 10.5], "texture": "#4"},
				"south": {"uv": [5, 5, 6.5, 6.5], "texture": "#4"},
				"west": {"uv": [1, 9, 1.5, 10.5], "texture": "#4"},
				"up": {"uv": [10, 2, 8.5, 1.5], "texture": "#4"},
				"down": {"uv": [10, 2, 8.5, 2.5], "texture": "#4"}
			}
		},
		{
			"from": [7.25, 15.75, 9.75],
			"to": [8.75, 17.25, 10],
			"rotation": {"angle": 45, "axis": "y", "origin": [8, 15, 8]},
			"faces": {
				"north": {"uv": [7.5, 4, 8.5, 5], "texture": "#4"},
				"east": {"uv": [9, 5, 9.5, 6], "texture": "#4"},
				"south": {"uv": [7.5, 5, 8.5, 6], "texture": "#4"},
				"west": {"uv": [3.5, 9.5, 4, 10.5], "texture": "#4"},
				"up": {"uv": [10, 1.5, 9, 1], "texture": "#4"},
				"down": {"uv": [5, 9.5, 4, 10], "texture": "#4"}
			}
		},
		{
			"from": [6.25, 15.25, 6.75],
			"to": [6.5, 17.75, 9.25],
			"rotation": {"angle": 45, "axis": "y", "origin": [8, 15, 8]},
			"faces": {
				"north": {"uv": [1.5, 9, 2, 10.5], "texture": "#4"},
				"east": {"uv": [5, 1.5, 6.5, 3], "texture": "#4"},
				"south": {"uv": [2, 9, 2.5, 10.5], "texture": "#4"},
				"west": {"uv": [5, 3, 6.5, 4.5], "texture": "#4"},
				"up": {"uv": [3, 10.5, 2.5, 9], "texture": "#4"},
				"down": {"uv": [3.5, 9, 3, 10.5], "texture": "#4"}
			}
		},
		{
			"from": [6, 15.75, 7.25],
			"to": [6.25, 17.25, 8.75],
			"rotation": {"angle": 45, "axis": "y", "origin": [8, 15, 8]},
			"faces": {
				"north": {"uv": [5, 9.5, 5.5, 10.5], "texture": "#4"},
				"east": {"uv": [0, 8, 1, 9], "texture": "#4"},
				"south": {"uv": [6.5, 9.5, 7, 10.5], "texture": "#4"},
				"west": {"uv": [1, 8, 2, 9], "texture": "#4"},
				"up": {"uv": [7.5, 10.5, 7, 9.5], "texture": "#4"},
				"down": {"uv": [8.5, 9.5, 8, 10.5], "texture": "#4"}
			}
		},
		{
			"from": [6.5, 15, 6.5],
			"to": [9.5, 18, 9.5],
			"rotation": {"angle": 45, "axis": "y", "origin": [8, 15, 8]},
			"faces": {
				"north": {"uv": [6, 0, 7.5, 1.5], "texture": "#4"},
				"east": {"uv": [2, 6.5, 3.5, 8], "texture": "#4"},
				"south": {"uv": [3.5, 6.5, 5, 8], "texture": "#4"},
				"west": {"uv": [5, 6.5, 6.5, 8], "texture": "#4"},
				"up": {"uv": [8, 8, 6.5, 6.5], "texture": "#4"},
				"down": {"uv": [8, 1.5, 6.5, 3], "texture": "#4"}
			}
		}
	],
	"display": {
		"firstperson_righthand": {
			"rotation": [-4, 36, -7],
			"translation": [2.5, 0, 0.75]
		},
		"firstperson_lefthand": {
			"rotation": [12, 49, -22],
			"translation": [3.25, 0.5, 0]
		},
		"ground": {
			"translation": [0, 2.25, 0],
			"scale": [0.7, 0.7, 0.7]
		},
		"gui": {
			"rotation": [0, -2, -45],
			"translation": [-0.75, -0.5, 0.5],
			"scale": [0.81, 0.81, 0.81]
		},
		"fixed": {
			"rotation": [0, 0, 45],
			"translation": [0.75, -1.25, -1]
		}
	},
	"groups": [
		{
			"name": "wand",
			"origin": [8, 8, 8],
			"children": [0, 1,
				{
					"name": "head",
					"origin": [14, 33, 14],
					"children": [2, 3, 4, 5, 6, 7, 8, 9, 10, 11, 12, 13]
				}
			]
		}
	]
}