{
  "parent": "builtin/generated",
  "textures": {
    "44": "notenoughwands:items/wand_core"
  },
  "elements": [
		{
			"name": "core",
			"from": [7.35, 2, 7.35],
			"to": [8.65, 15, 8.65],
			"rotation": {"angle": 0, "axis": "y", "origin": [8, 10, 8]},
			"faces": {
				"north": {"uv": [0, 0, 0.5, 6.5], "texture": "#44"},
				"east": {"uv": [0.5, 0.5, 1, 7], "texture": "#44"},
				"south": {"uv": [1, 1, 1.5, 7.5], "texture": "#44"},
				"west": {"uv": [1.5, 1.5, 2, 8], "texture": "#44"},
				"up": {"uv": [1, 0.5, 0.5, 0], "texture": "#44"},
				"down": {"uv": [0.5, 6.5, 0, 7], "texture": "#44"}
			}
		}
	],
	"display": {
		"firstperson_righthand": {
			"rotation": [-4, 36, -7],
			"translation": [2.5, 0, 0.75]
		},
		"firstperson_lefthand": {
			"rotation": [12, 49, -22],
			"translation": [3.25, 0.5, 0]
		},
		"ground": {
			"translation": [0, 2.25, 0],
			"scale": [0.7, 0.7, 0.7]
		},
		"gui": {
			"rotation": [0, -2, -45],
			"translation": [-0.75, -0.5, 0.5],
			"scale": [0.81, 0.81, 0.81]
		},
		"fixed": {
			"rotation": [0, 0, 45],
			"translation": [0.75, -1.25, -1]
		}
	},
	"groups": [
		{
			"name": "wand",
			"origin": [8, 8, 8],
			"children": [0]
		}
	]
}
